Humanos Saudáveis,Humanos Infectados,Humanos Recuperados,Mosquitos Saudáveis,Mosquitos Infectados,Mortes Comuns,Mortes por Dengue,Total Pessoas,Total Mosquitos,dia,casos_ativos_reais,recuperados_reais,obitos_reais
613,2,0,5802,55,385,0,615,5857,0,200,0,0
613,2,0,5678,55,385,0,615,5733,1,200,0,0
613,2,0,5532,54,385,0,615,5586,2,200,0,0
613,2,0,5382,50,385,0,615,5432,3,200,0,0
613,2,0,5234,51,385,0,615,5285,4,200,0,0
613,2,0,5085,50,385,0,615,5135,5,200,0,0
998,2,0,5122,55,385,0,1000,5177,6,200,0,0
998,2,0,4949,53,385,0,1000,5002,7,200,0,0
998,1,1,4764,52,385,0,1000,4816,8,100,100,0
997,1,2,4569,49,385,0,1000,4618,9,100,200,0
997,1,2,4373,48,385,0,1000,4421,10,100,200,0
997,1,2,4167,46,385,0,1000,4213,11,100,200,0
997,1,2,3953,45,385,0,1000,3998,12,100,200,0
997,1,2,3859,47,385,0,1000,3906,13,100,200,0
996,2,2,3649,45,385,0,1000,3694,14,200,200,0
996,2,2,3429,41,385,0,1000,3470,15,200,200,0
996,2,2,3216,41,385,0,1000,3257,16,200,200,0
995,3,2,3010,39,385,0,1000,3049,17,300,200,0
993,5,2,2824,38,385,0,1000,2862,18,500,200,0
992,5,3,2623,34,385,0,1000,2657,19,500,300,0
992,5,3,2512,38,385,0,1000,2550,20,500,300,0
991,6,3,2318,35,385,0,1000,2353,21,600,300,0
991,6,3,2159,34,385,0,1000,2193,22,600,300,0
989,8,3,2025,33,385,0,1000,2058,23,800,300,0
989,7,4,1853,33,385,0,1000,1886,24,700,400,0
988,8,4,1718,33,385,0,1000,1751,25,800,400,0
987,9,4,1585,32,385,0,1000,1617,26,900,400,0
987,9,4,1502,32,385,0,1000,1534,27,900,400,0
986,10,4,1387,29,385,0,1000,1416,28,1000,400,0
984,11,5,1270,28,385,0,1000,1298,29,1100,500,0
984,10,6,1157,30,385,0,1000,1187,30,1000,600,0
983,11,6,1047,28,385,0,1000,1075,31,1100,600,0
983,11,6,934,26,385,0,1000,960,32,1100,600,0
983,9,8,848,25,385,0,1000,873,33,900,800,0
983,6,11,771,26,385,0,1000,797,34,600,1100,0
980,9,10,668,25,385,1,999,693,35,900,1000,100
980,8,11,586,24,385,1,999,610,36,800,1100,100
979,9,11,513,21,385,1,999,534,37,900,1100,100
979,9,11,452,19,385,1,999,471,38,900,1100,100
978,9,11,387,17,386,1,998,404,39,900,1100,100
977,10,11,332,14,386,1,998,346,40,1000,1100,100
978,11,11,305,13,386,1,1000,318,41,1100,1100,100
978,10,12,270,9,386,1,1000,279,42,1000,1200,100
978,8,14,233,9,386,1,1000,242,43,800,1400,100
978,8,14,207,10,386,1,1000,217,44,800,1400,100
977,8,14,198,10,387,1,999,208,45,800,1400,100
976,6,16,184,10,387,2,998,194,46,600,1600,200
976,6,16,172,10,387,2,998,182,47,600,1600,200
978,5,17,170,8,387,2,1000,178,48,500,1700,200
978,4,17,150,8,387,3,999,158,49,400,1700,300
978,3,18,133,8,387,3,999,141,50,300,1800,300
978,2,19,119,8,387,3,999,127,51,200,1900,300
978,2,19,112,8,387,3,999,120,52,200,1900,300
978,2,19,104,9,387,3,999,113,53,200,1900,300
978,1,20,98,9,387,3,999,107,54,100,2000,300
979,1,20,95,9,387,3,1000,104,55,100,2000,300
978,2,20,89,6,387,3,1000,95,56,200,2000,300
978,1,21,78,6,387,3,1000,84,57,100,2100,300
977,1,21,73,4,388,3,999,77,58,100,2100,300
977,1,21,69,4,388,3,999,73,59,100,2100,300
977,1,21,65,4,388,3,999,69,60,100,2100,300
977,1,21,63,4,388,3,999,67,61,100,2100,300
978,1,21,57,4,388,3,1000,61,62,100,2100,300
978,1,21,52,4,388,3,1000,56,63,100,2100,300
977,2,21,50,4,388,3,1000,54,64,200,2100,300
977,2,21,47,4,388,3,1000,51,65,200,2100,300
977,2,21,44,4,388,3,1000,48,66,200,2100,300
976,3,21,35,4,388,3,1000,39,67,300,2100,300
976,3,21,34,4,388,3,1000,38,68,300,2100,300
976,3,21,32,3,388,3,1000,35,69,300,2100,300
975,3,21,30,2,389,3,999,32,70,300,2100,300
975,3,21,23,2,389,3,999,25,71,300,2100,300
975,2,22,21,2,389,3,999,23,72,200,2200,300
975,2,22,18,2,389,3,999,20,73,200,2200,300
975,2,22,17,2,389,3,999,19,74,200,2200,300
975,2,22,17,2,389,3,999,19,75,200,2200,300
976,1,23,21,3,389,3,1000,24,76,100,2300,300
976,1,23,20,3,389,3,1000,23,77,100,2300,300
976,1,23,19,3,389,3,1000,22,78,100,2300,300
976,1,23,17,3,389,3,1000,20,79,100,2300,300
976,0,24,16,3,389,3,1000,19,80,0,2400,300
976,0,24,14,3,389,3,1000,17,81,0,2400,300
976,0,24,13,3,389,3,1000,16,82,0,2400,300
976,0,24,12,3,389,3,1000,15,83,0,2400,300
976,0,24,11,3,389,3,1000,14,84,0,2400,300
976,0,24,10,3,389,3,1000,13,85,0,2400,300
976,0,24,9,3,389,3,1000,12,86,0,2400,300
975,1,24,9,2,389,3,1000,11,87,100,2400,300
975,1,24,8,2,389,3,1000,10,88,100,2400,300
975,1,24,8,2,389,3,1000,10,89,100,2400,300
975,1,24,8,2,389,3,1000,10,90,100,2400,300
975,1,24,7,2,389,3,1000,9,91,100,2400,300
975,1,24,6,2,389,3,1000,8,92,100,2400,300
975,1,24,6,1,389,3,1000,7,93,100,2400,300
975,1,24,5,1,389,3,1000,6,94,100,2400,300
975,1,24,5,1,389,3,1000,6,95,100,2400,300
975,1,24,4,1,389,3,1000,5,96,100,2400,300
975,0,25,4,1,389,3,1000,5,97,0,2500,300
975,0,25,3,1,389,3,1000,4,98,0,2500,300
